Rank,Name,Undergraduate Population,Student Population,Net Price,Average Grant Aid,Total Annual Cost,Alumni Salary,Acceptance Rate
1.0,Harvard University,13844.0,31120.0,14327.0,49870.0,69600.0,146800.0,5.0
2.0,Stanford University,8402.0,17534.0,13261.0,50134.0,69109.0,145200.0,5.0
3.0,Yale University,6483.0,12974.0,18627.0,50897.0,71290.0,138300.0,7.0
4.0,Massachusetts Institute of Technology,4680.0,11466.0,20771.0,43248.0,67430.0,155200.0,7.0
5.0,Princeton University,5659.0,8273.0,9327.0,48088.0,66150.0,139400.0,6.0
6.0,University of Pennsylvania,13437.0,25367.0,24242.0,44801.0,71715.0,133900.0,9.0
7.0,Brown University,7390.0,10095.0,30205.0,42455.0,71050.0,127600.0,8.0
8.0,California Institute of Technology,1002.0,2238.0,24245.0,41408.0,68901.0,151600.0,8.0
9.0,Duke University,7184.0,16130.0,35737.0,47836.0,71764.0,132100.0,10.0
10.0,Dartmouth College,4693.0,6509.0,30421.0,47171.0,71827.0,130900.0,10.0
11.0,Cornell University,14774.0,23016.0,31230.0,36164.0,70321.0,128200.0,13.0
12.0,Pomona College,1599.0,1665.0,15840.0,48930.0,69725.0,117200.0,8.0
13.0,"University of California, Berkeley",31133.0,41891.0,15859.0,18319.0,65003.0,131800.0,17.0
14.0,Columbia University,8523.0,30454.0,24231.0,49185.0,74199.0,126800.0,7.0
15.0,Georgetown University,8194.0,19005.0,30107.0,41893.0,71580.0,122200.0,16.0
16.0,University of Chicago,6915.0,16227.0,25455.0,37883.0,75735.0,114200.0,9.0
17.0,Northwestern University,10163.0,22008.0,24047.0,44247.0,72980.0,115400.0,9.0
18.0,University of Notre Dame,8664.0,12467.0,28768.0,39590.0,69395.0,130500.0,19.0
19.0,Williams College,2134.0,2227.0,22667.0,48050.0,70650.0,127500.0,15.0
20.0,"University of Michigan, Ann Arbor",29773.0,46002.0,14860.0,18751.0,62176.0,112200.0,27.0
21.0,Rice University,4036.0,7022.0,20237.0,36387.0,63158.0,129500.0,16.0
22.0,Johns Hopkins University,7825.0,25151.0,33586.0,38542.0,69863.0,117100.0,13.0
23.0,Harvey Mudd College,847.0,861.0,34464.0,33782.0,74428.0,158200.0,15.0
24.0,United States Naval Academy,4495.0,4526.0,0.0,,0.0,152800.0,8.0
25.0,Swarthmore College,1577.0,1630.0,20511.0,46105.0,68846.0,123200.0,11.0
26.0,Bowdoin College,1816.0,1965.0,22810.0,41143.0,68070.0,112000.0,14.0
27.0,Vanderbilt University,7006.0,12592.0,19959.0,41359.0,67392.0,119100.0,11.0
28.0,Amherst College,1836.0,1945.0,22463.0,49467.0,71300.0,116500.0,13.0
29.0,Claremont McKenna College,1345.0,1364.0,26933.0,40673.0,71745.0,125400.0,10.0
30.0,University of Southern California,20582.0,45687.0,30232.0,36686.0,72209.0,120600.0,16.0
31.0,Washington University in St. Louis,8533.0,15303.0,28540.0,41977.0,71975.0,114900.0,16.0
32.0,United States Military Academy,4491.0,4568.0,0.0,,0.0,144000.0,10.0
33.0,University of Virginia,18432.0,24360.0,20547.0,21171.0,62633.0,117500.0,27.0
34.0,Tufts University,5960.0,11449.0,32620.0,38605.0,70600.0,118100.0,15.0
35.0,New York University,30252.0,51123.0,40336.0,31542.0,71790.0,117700.0,28.0
36.0,Middlebury College,2591.0,3855.0,26075.0,43491.0,69464.0,109800.0,17.0
37.0,Carnegie Mellon University,6941.0,13869.0,31102.0,38163.0,70094.0,136100.0,22.0
38.0,"University of California, Los Angeles",33148.0,44027.0,14309.0,20011.0,61915.0,116100.0,16.0
39.0,Bates College,1787.0,1905.0,25192.0,43238.0,68870.0,111900.0,22.0
40.0,Wesleyan University,3123.0,3213.0,29956.0,43276.0,69935.0,117000.0,16.0
41.0,Boston College,10304.0,14628.0,34550.0,40716.0,70588.0,115400.0,32.0
42.0,Washington and Lee University,1855.0,2220.0,24761.0,39671.0,65950.0,123200.0,22.0
43.0,United States Air Force Academy,4237.0,4276.0,0.0,,0.0,138100.0,12.0
44.0,Wellesley College,2508.0,2688.0,23188.0,45777.0,69034.0,106200.0,22.0
45.0,"University of North Carolina, Chapel Hill",19429.0,29911.0,14163.0,17291.0,51152.0,100800.0,24.0
46.0,Colgate University,2894.0,3025.0,23310.0,45108.0,69860.0,130600.0,28.0
47.0,College of William &amp; Mary,6822.0,8740.0,19720.0,18738.0,59012.0,108900.0,36.0
48.0,Davidson College,1810.0,1959.0,21206.0,36359.0,66678.0,106900.0,20.0
49.0,Haverford College,1296.0,1326.0,26607.0,45805.0,71614.0,112300.0,20.0
50.0,Barnard College,2544.0,2668.0,25007.0,44776.0,71282.0,109800.0,15.0
51.0,Santa Clara University,5754.0,8629.0,33738.0,26671.0,69439.0,134700.0,54.0
52.0,Carleton College,2078.0,2155.0,27898.0,38342.0,68835.0,109900.0,21.0
53.0,United States Coast Guard Academy,896.0,1044.0,0.0,,0.0,118100.0,15.0
54.0,Pitzer College,1074.0,1087.0,28423.0,41257.0,70500.0,96600.0,16.0
55.0,Emory University,7859.0,14263.0,26760.0,38213.0,66950.0,110800.0,22.0
56.0,Wake Forest University,5068.0,8116.0,33382.0,42495.0,69130.0,114800.0,28.0
57.0,Lafayette College,2569.0,2594.0,30820.0,39957.0,68640.0,122500.0,31.0
58.0,Cooper Union,921.0,946.0,14564.0,32452.0,65045.0,126200.0,13.0
59.0,Hamilton College,1901.0,2043.0,24140.0,43611.0,67670.0,108100.0,24.0
60.0,Scripps College,1083.0,1092.0,30974.0,31633.0,71060.0,98600.0,33.0
61.0,Vassar College,2353.0,2572.0,23687.0,44517.0,70370.0,100100.0,24.0
62.0,Babson College,2354.0,3329.0,35540.0,36717.0,68432.0,133800.0,24.0
63.0,"University of Maryland, College Park",32022.0,40521.0,18517.0,8955.0,49698.0,113400.0,45.0
64.0,"University of Washington, Seattle",38781.0,46166.0,12899.0,14051.0,51159.0,112300.0,46.0
65.0,Georgia Institute of Technology,17223.0,29376.0,13291.0,12779.0,49366.0,133400.0,23.0
66.0,United States Merchant Marine Academy,912.0,975.0,6758.0,3597.0,8646.0,140700.0,22.0
67.0,Lehigh University,5337.0,7017.0,34212.0,36014.0,65925.0,134100.0,25.0
68.0,"University of Illinois, Urbana-Champaign",35476.0,48216.0,18377.0,13595.0,46202.0,115300.0,62.0
69.0,"University of Wisconsin, Madison",33863.0,42977.0,19880.0,6733.0,49885.0,104400.0,54.0
70.0,University of Florida,37851.0,52669.0,12345.0,6636.0,43409.0,102800.0,42.0
71.0,Kenyon College,1677.0,1795.0,30504.0,34966.0,69180.0,103800.0,34.0
72.0,Villanova University,7873.0,10967.0,41858.0,30163.0,68231.0,119500.0,36.0
73.0,Bucknell University,3678.0,3740.0,40976.0,29783.0,70125.0,122900.0,31.0
74.0,Boston University,22829.0,33355.0,37065.0,34156.0,70302.0,113600.0,25.0
75.0,Colby College,1917.0,2032.0,20739.0,45463.0,68582.0,103300.0,16.0
76.0,"University of Texas, Austin",42827.0,51525.0,16960.0,10644.0,51786.0,112800.0,36.0
77.0,College of the Holy Cross,2806.0,2855.0,34159.0,36963.0,66220.0,114600.0,40.0
78.0,George Washington University,12358.0,27973.0,31956.0,29429.0,69368.0,115300.0,41.0
79.0,"University of California, San Diego",29613.0,35772.0,14630.0,18231.0,60177.0,123700.0,34.0
80.0,Grinnell College,1712.0,1765.0,22844.0,33946.0,66214.0,96500.0,29.0
81.0,Smith College,2594.0,2918.0,24829.0,39913.0,69563.0,98200.0,32.0
82.0,University of Rochester,6905.0,11648.0,30480.0,30658.0,70108.0,112700.0,34.0
83.0,University of Richmond,3815.0,4023.0,26264.0,38394.0,64890.0,107500.0,33.0
84.0,"University of California, Santa Barbara",22910.0,25057.0,15764.0,19558.0,64125.0,116300.0,33.0
85.0,Oberlin College,2853.0,3030.0,31331.0,28876.0,71330.0,96800.0,34.0
86.0,Macalester College,2136.0,2249.0,26865.0,33335.0,66280.0,100400.0,41.0
87.0,"University of California, Irvine",28947.0,35242.0,13376.0,18824.0,61872.0,116000.0,37.0
88.0,"University of California, Davis",31437.0,37380.0,15737.0,18690.0,63743.0,112600.0,43.0
89.0,Whitman College,1510.0,1574.0,43488.0,23828.0,64504.0,102600.0,52.0
90.0,University of Miami (FL),12002.0,17003.0,29184.0,20647.0,66274.0,99600.0,36.0
91.0,Southern Methodist University,6917.0,11789.0,32190.0,33203.0,72408.0,110400.0,49.0
92.0,Colorado College,2118.0,2450.0,34032.0,36872.0,68616.0,97900.0,15.0
93.0,Worcester Polytechnic Institute,4654.0,6642.0,40376.0,19515.0,65046.0,135500.0,48.0
94.0,Colorado School of Mines,4811.0,6209.0,25710.0,10725.0,52698.0,139600.0,56.0
95.0,Brigham Young University,34334.0,35807.0,12974.0,4843.0,18370.0,108000.0,52.0
96.0,Brandeis University,3869.0,5721.0,31138.0,35487.0,70943.0,113200.0,34.0
97.0,Yeshiva University,2884.0,6330.0,36306.0,26972.0,60525.0,112800.0,63.0
98.0,"University of Minnesota, Twin Cities",45796.0,51848.0,17396.0,8760.0,39655.0,104000.0,50.0
99.0,University of Georgia,30690.0,37606.0,14625.0,10076.0,44978.0,100700.0,54.0
100.0,Case Western Reserve University,5292.0,11824.0,35316.0,28295.0,65384.0,117800.0,33.0
101.0,Skidmore College,2684.0,2835.0,27410.0,41746.0,69450.0,99700.0,25.0
102.0,Occidental College,1972.0,2123.0,29211.0,35704.0,71756.0,105700.0,42.0
103.0,"Texas A&amp;M University, College Station",53515.0,67929.0,20282.0,8748.0,53848.0,115700.0,71.0
104.0,Union College (NY),2214.0,2267.0,32720.0,29135.0,68610.0,117500.0,37.0
105.0,Reed College,1470.0,1490.0,31815.0,35130.0,69820.0,104900.0,36.0
106.0,Tulane University,8873.0,12384.0,34240.0,33035.0,69764.0,105300.0,21.0
107.0,Bentley University,4352.0,5543.0,35671.0,26565.0,66180.0,116600.0,44.0
108.0,Virginia Tech,26634.0,34440.0,20343.0,8261.0,44024.0,114000.0,70.0
109.0,Trinity College (CT),2282.0,2401.0,31808.0,40346.0,71470.0,110900.0,34.0
110.0,Rose-Hulman Institute of Technology,2245.0,2254.0,36906.0,20967.0,65031.0,135800.0,61.0
111.0,Bryn Mawr College,1442.0,1640.0,25672.0,37710.0,68410.0,95300.0,38.0
112.0,Rhode Island School of Design,2030.0,2440.0,46277.0,26169.0,67620.0,100600.0,32.0
113.0,Rensselaer Polytechnic Institute,6371.0,7592.0,34839.0,30596.0,70132.0,134100.0,43.0
114.0,Franklin and Marshall College,2283.0,2440.0,27531.0,43377.0,70430.0,109700.0,34.0
115.0,"California Polytechnic State University, San Luis Obispo",21098.0,22370.0,19979.0,5891.0,39033.0,119500.0,35.0
116.0,St. Olaf College,3035.0,3137.0,24250.0,28573.0,58330.0,101900.0,43.0
117.0,Pennsylvania State University,43709.0,47119.0,30373.0,10060.0,51572.0,105500.0,50.0
118.0,Purdue University,32534.0,42699.0,13746.0,10703.0,41614.0,110000.0,57.0
119.0,The Juilliard School,590.0,927.0,32829.0,29417.0,62600.0,97400.0,6.0
120.0,Dickinson College,2382.0,2422.0,28464.0,34171.0,69071.0,100100.0,49.0
121.0,Ohio State University,49185.0,59837.0,17726.0,9730.0,46141.0,98600.0,48.0
122.0,Wheaton College (IL),2544.0,2900.0,28005.0,16173.0,47696.0,99700.0,85.0
123.0,Rutgers University,40523.0,49577.0,20379.0,13896.0,47518.0,111000.0,58.0
124.0,Loyola Marymount University,6591.0,9618.0,40676.0,19787.0,64735.0,113300.0,52.0
125.0,University of Portland,3967.0,4396.0,35329.0,23282.0,59236.0,104900.0,70.0
126.0,American University,8606.0,13858.0,36567.0,29412.0,64234.0,102900.0,29.0
127.0,Furman University,2863.0,2949.0,27508.0,30434.0,63706.0,98800.0,61.0
128.0,Connecticut College,1817.0,1928.0,30244.0,39603.0,69440.0,100800.0,38.0
129.0,Pepperdine University,3803.0,7710.0,33814.0,31980.0,70862.0,103900.0,40.0
130.0,University of Connecticut,20662.0,27578.0,20681.0,13630.0,53112.0,105200.0,48.0
131.0,"Indiana University, Bloomington",41317.0,43710.0,14351.0,11647.0,48739.0,97100.0,76.0
132.0,DePauw University,2158.0,2253.0,22323.0,31570.0,62567.0,101000.0,67.0
133.0,Elon University,6214.0,6791.0,34459.0,14061.0,49642.0,93700.0,67.0
134.0,Clemson University,19506.0,24387.0,17696.0,10296.0,50516.0,106700.0,47.0
135.0,Fairfield University,4511.0,5192.0,36929.0,24180.0,64325.0,116900.0,61.0
136.0,James Madison University,21167.0,21836.0,20204.0,8556.0,42522.0,102600.0,75.0
137.0,Mount Holyoke College,2334.0,2393.0,26239.0,31370.0,63900.0,92100.0,51.0
138.0,Gettysburg College,2411.0,2615.0,27597.0,29795.0,66710.0,109300.0,46.0
139.0,"North Carolina State University, Raleigh",26961.0,34432.0,15024.0,10998.0,42048.0,106500.0,51.0
140.0,University of Denver,6080.0,11434.0,32174.0,26702.0,65376.0,105100.0,58.0
141.0,Fordham University,10137.0,16037.0,35694.0,27530.0,72239.0,112500.0,46.0
142.0,University of San Diego,6177.0,8905.0,34752.0,24364.0,65426.0,109400.0,50.0
143.0,Trinity University (TX),2406.0,2571.0,23144.0,26174.0,56880.0,102900.0,38.0
144.0,University of Pittsburgh,20822.0,28642.0,28331.0,12484.0,44812.0,100400.0,60.0
145.0,"Binghamton University, SUNY",14736.0,17351.0,18378.0,8062.0,40980.0,109600.0,40.0
146.0,"University of Colorado, Boulder",30976.0,35338.0,20706.0,9787.0,54312.0,109900.0,80.0
147.0,University of Delaware,20550.0,23774.0,16892.0,8798.0,47782.0,105400.0,63.0
148.0,Texas Christian University,9258.0,10489.0,35429.0,24864.0,62970.0,98700.0,41.0
149.0,College of New Jersey,7212.0,7552.0,26670.0,9936.0,45897.0,101800.0,48.0
150.0,Rhodes College,2010.0,2102.0,25629.0,30234.0,61538.0,97800.0,51.0
151.0,Florida State University,36787.0,41362.0,14582.0,6628.0,34904.0,92700.0,49.0
152.0,Stevens Institute of Technology,3144.0,6916.0,36620.0,25762.0,67204.0,139900.0,44.0
153.0,Denison University,2290.0,2341.0,24808.0,30783.0,64970.0,104800.0,37.0
154.0,Sewanee—University of the South,1778.0,1835.0,27544.0,23449.0,60950.0,97800.0,47.0
155.0,"University of Massachusetts, Amherst",26735.0,30340.0,20926.0,8867.0,48135.0,103000.0,58.0
156.0,Syracuse University,22484.0,28199.0,34173.0,27878.0,65480.0,104800.0,47.0
157.0,Sarah Lawrence College,1470.0,1696.0,33358.0,28916.0,70266.0,96100.0,53.0
158.0,St. Lawrence University,2468.0,2493.0,27691.0,31866.0,68296.0,104000.0,48.0
159.0,Michigan State University,42252.0,50019.0,18576.0,10911.0,53424.0,100800.0,72.0
160.0,University of Iowa,27051.0,32166.0,15103.0,8045.0,44251.0,99400.0,86.0
161.0,Saint Louis University,14373.0,14581.0,27341.0,23580.0,57214.0,95300.0,64.0
162.0,Seattle University,5250.0,7278.0,35021.0,22438.0,59607.0,113700.0,74.0
163.0,Manhattan School of Music,451.0,1007.0,47116.0,24906.0,66200.0,,43.0
164.0,Kalamazoo College,1436.0,1469.0,23579.0,29059.0,59267.0,94500.0,73.0
165.0,University of Dayton,8660.0,10882.0,32721.0,21293.0,57680.0,105000.0,72.0
166.0,Auburn University,23846.0,29776.0,23416.0,9030.0,49954.0,104500.0,84.0
167.0,Saint Joseph's University (PA),5705.0,8085.0,33480.0,23892.0,60854.0,105100.0,77.0
168.0,University of Vermont,12945.0,13340.0,18877.0,16347.0,56890.0,99400.0,67.0
169.0,Samford University,3446.0,5509.0,29032.0,14879.0,46474.0,90500.0,83.0
170.0,Gonzaga University,5333.0,7506.0,32623.0,21169.0,57350.0,107600.0,65.0
171.0,Wofford College,1678.0,1737.0,24722.0,28158.0,57749.0,96600.0,69.0
172.0,Providence College,4484.0,4646.0,38823.0,26359.0,64984.0,106900.0,52.0
173.0,University of Puget Sound,2545.0,2701.0,37074.0,21534.0,63510.0,101300.0,84.0
174.0,"CUNY, Baruch College",18289.0,18775.0,2695.0,8944.0,39172.0,107100.0,29.0
175.0,Loyola University Maryland,4175.0,5783.0,36350.0,26091.0,64520.0,111200.0,75.0
176.0,"SUNY, Stony Brook (Stony Brook University)",19871.0,25989.0,13770.0,9968.0,42981.0,107800.0,42.0
177.0,George Mason University,32249.0,35984.0,19779.0,8567.0,51672.0,105700.0,81.0
178.0,Chapman University,6756.0,9392.0,39228.0,26378.0,69464.0,99400.0,57.0
179.0,Muhlenberg College,2367.0,2535.0,31014.0,25282.0,65330.0,101900.0,48.0
180.0,Marquette University,8486.0,11426.0,29120.0,20717.0,55273.0,105900.0,89.0
181.0,San Diego State University,31609.0,35158.0,14030.0,7549.0,40104.0,102800.0,35.0
182.0,Northeastern University,18760.0,21489.0,29748.0,34691.0,68177.0,109700.0,27.0
183.0,"University of California, Santa Cruz",17925.0,19457.0,17877.0,18050.0,64054.0,104700.0,51.0
184.0,Lewis &amp; Clark College,2174.0,3339.0,34838.0,25539.0,62086.0,93200.0,71.0
185.0,Miami University (OH),18239.0,19700.0,21288.0,11894.0,51064.0,107300.0,68.0
186.0,"Arizona State University, Tempe",46038.0,51164.0,11163.0,12081.0,44110.0,100900.0,84.0
187.0,University of Utah,28686.0,32800.0,13728.0,7990.0,42916.0,102600.0,66.0
188.0,"University of Oklahoma, Norman",24255.0,28527.0,19254.0,9372.0,43764.0,100600.0,74.0
189.0,Marist College,6236.0,6657.0,35290.0,15637.0,54880.0,101000.0,43.0
190.0,Hobart and William Smith Colleges,2244.0,2295.0,35172.0,25110.0,69775.0,108500.0,64.0
191.0,University of Oregon,22400.0,22887.0,15693.0,8662.0,49542.0,95800.0,83.0
192.0,Drake University,3606.0,4904.0,27578.0,21239.0,54020.0,99900.0,69.0
193.0,Lawrence University,1467.0,1545.0,25117.0,28643.0,58458.0,98800.0,61.0
194.0,Creighton University,4626.0,8654.0,30427.0,20293.0,53452.0,95800.0,72.0
195.0,Hillsdale College,1520.0,1556.0,,18540.0,40552.0,,41.0
196.0,University at Buffalo (SUNY),23075.0,30648.0,17469.0,8198.0,43398.0,98000.0,57.0
197.0,University of Tulsa,3630.0,4433.0,23948.0,31812.0,59435.0,107200.0,39.0
198.0,University of Saint Thomas (MN),6424.0,9878.0,30503.0,21274.0,54647.0,106400.0,84.0
199.0,"University of California, Riverside",21017.0,23279.0,12344.0,21249.0,62677.0,106900.0,57.0
200.0,Manhattan College,3727.0,4242.0,30243.0,18177.0,60212.0,125700.0,75.0
201.0,University of South Carolina,26791.0,34731.0,19519.0,5792.0,47162.0,89900.0,72.0
202.0,Baylor University,14951.0,17059.0,34898.0,21350.0,60233.0,101400.0,39.0
203.0,Bryant University,3503.0,3751.0,37730.0,20675.0,59904.0,108600.0,73.0
204.0,University of Mary Washington,4800.0,4808.0,21227.0,5562.0,42716.0,98200.0,73.0
205.0,Virginia Military Institute,1722.0,1766.0,19905.0,14434.0,56288.0,120600.0,53.0
206.0,Clark University (MA),2476.0,3153.0,27004.0,24329.0,55010.0,101400.0,56.0
207.0,Clarkson University,3335.0,4233.0,30563.0,32540.0,66106.0,130100.0,66.0
208.0,Illinois Institute of Technology,3227.0,7164.0,22098.0,34485.0,63749.0,118500.0,54.0
209.0,Centre College,1443.0,1450.0,23237.0,26184.0,53910.0,88500.0,76.0
210.0,University of San Francisco,7495.0,11063.0,32210.0,27943.0,65980.0,109900.0,66.0
211.0,Iowa State University,32814.0,36158.0,14331.0,7882.0,34442.0,101300.0,89.0
212.0,Louisiana State University,27658.0,30861.0,18181.0,9304.0,46381.0,102900.0,74.0
213.0,Willamette University,2181.0,2498.0,28327.0,27489.0,62262.0,97700.0,89.0
214.0,Gustavus Adolphus College,2181.0,2263.0,20050.0,24333.0,55800.0,96800.0,68.0
215.0,Quinnipiac University,7704.0,10200.0,38695.0,22460.0,63770.0,97700.0,74.0
216.0,Butler University,4311.0,5145.0,36413.0,16348.0,56740.0,99300.0,65.0
217.0,"SUNY, College of Environmental Science and Forestry",1825.0,2213.0,17923.0,7628.0,36953.0,97000.0,52.0
218.0,University of Arizona,36862.0,43751.0,14744.0,11272.0,51707.0,101000.0,84.0
219.0,"University of Missouri, Columbia",27923.0,30844.0,18602.0,9316.0,43330.0,98600.0,78.0
220.0,The Citadel,3043.0,3717.0,17935.0,11281.0,50506.0,108100.0,81.0
221.0,University of Washington Bothell,5981.0,6175.0,9822.0,12946.0,51348.0,108000.0,80.0
222.0,Emerson College,4088.0,4459.0,43965.0,20323.0,65324.0,94300.0,46.0
223.0,"Colorado State University, Fort Collins",28404.0,33083.0,17058.0,8221.0,43437.0,96100.0,83.0
224.0,"University of Tennessee, Knoxville",23803.0,28321.0,19335.0,8903.0,49350.0,95100.0,77.0
225.0,Taylor University,2145.0,2831.0,24525.0,17726.0,45330.0,90600.0,87.0
226.0,Drexel University,17789.0,24190.0,37427.0,28767.0,68792.0,114800.0,79.0
227.0,Stonehill College,2498.0,2536.0,32911.0,22865.0,59560.0,103200.0,72.0
228.0,University of South Florida,37076.0,43540.0,11700.0,7937.0,32324.0,91300.0,45.0
229.0,St. Mary's College of Maryland,1598.0,1746.0,21025.0,8414.0,45130.0,95400.0,82.0
230.0,Bard College,2101.0,2293.0,26766.0,39096.0,70562.0,90600.0,58.0
231.0,Washington State University,27917.0,30614.0,16314.0,8572.0,41675.0,103700.0,73.0
232.0,Truman State University,6272.0,6289.0,12537.0,8778.0,27878.0,85800.0,67.0
233.0,Illinois Wesleyan University,1649.0,1791.0,26976.0,26421.0,58830.0,96000.0,61.0
234.0,"St. John's College, Annapolis",445.0,513.0,26808.0,33723.0,65409.0,,54.0
235.0,"SUNY, Geneseo",5652.0,5792.0,18879.0,6708.0,34740.0,93300.0,72.0
236.0,Westmont College,1300.0,1356.0,31039.0,26711.0,60930.0,102400.0,85.0
237.0,Cedarville University,3666.0,3886.0,21490.0,14155.0,39194.0,87300.0,71.0
238.0,University of the Pacific (CA),3639.0,6255.0,29171.0,26884.0,64796.0,109300.0,65.0
239.0,"University of Nebraska, Lincoln",22012.0,26079.0,17784.0,8538.0,40182.0,96700.0,64.0
240.0,"University of Texas, Dallas",18764.0,27642.0,14763.0,14321.0,45488.0,100900.0,76.0
241.0,Rollins College,2894.0,3278.0,30194.0,30057.0,67775.0,87000.0,64.0
242.0,University of Central Florida,65100.0,66059.0,15286.0,5757.0,38353.0,88600.0,50.0
243.0,Ithaca College,6488.0,6516.0,33848.0,25073.0,61339.0,98600.0,71.0
244.0,DePaul University,17838.0,22769.0,30502.0,20387.0,56275.0,102900.0,72.0
245.0,Missouri University of Science and Technology,7192.0,8883.0,14473.0,8975.0,38684.0,122600.0,84.0
246.0,University of New Hampshire,13688.0,15363.0,24529.0,12539.0,47570.0,100300.0,77.0
247.0,Hope College,3150.0,3281.0,26175.0,15907.0,45410.0,90900.0,74.0
248.0,Loyola University Chicago,12864.0,16673.0,33036.0,22016.0,59958.0,96000.0,71.0
249.0,Seton Hall University,6260.0,9801.0,27563.0,24710.0,57090.0,103800.0,73.0
250.0,College of Wooster,1980.0,2122.0,25442.0,30851.0,61900.0,91300.0,56.0
251.0,University of Scranton,3893.0,5373.0,35298.0,22094.0,61096.0,99700.0,75.0
252.0,University of Alabama,35625.0,38563.0,21973.0,16494.0,46744.0,97400.0,53.0
253.0,College of Saint Benedict,1937.0,2022.0,25020.0,28210.0,56880.0,88600.0,81.0
254.0,Saint John's University (MN),1815.0,1816.0,23977.0,27780.0,55872.0,108400.0,80.0
255.0,California Lutheran University,3207.0,4236.0,25871.0,27282.0,59877.0,95000.0,73.0
256.0,"Embry-Riddle Aeronautical University, Prescott",2543.0,2663.0,32898.0,15756.0,51036.0,117900.0,77.0
257.0,Beloit College,1402.0,1509.0,13972.0,30344.0,59442.0,85700.0,54.0
258.0,Western Washington University,15915.0,16246.0,16220.0,6500.0,38067.0,99300.0,85.0
259.0,Rockhurst University,2176.0,3043.0,22901.0,26031.0,51631.0,92500.0,72.0
260.0,University of Kansas,20894.0,27625.0,18814.0,9205.0,41074.0,98600.0,93.0
261.0,Oregon State University,29777.0,30896.0,20493.0,8263.0,44706.0,104800.0,79.0
262.0,"University of Maryland, Baltimore County",12702.0,13662.0,20539.0,9402.0,41674.0,103600.0,60.0
263.0,Point Loma Nazarene University,3313.0,4417.0,31452.0,16687.0,49844.0,90100.0,76.0
264.0,Wheaton College (MA),1688.0,1695.0,27875.0,31592.0,65818.0,97500.0,48.0
265.0,New School,8911.0,10389.0,40819.0,19358.0,69475.0,101700.0,62.0
266.0,Calvin University,3840.0,4232.0,25596.0,18532.0,46790.0,91100.0,83.0
267.0,Christopher Newport University,5001.0,5081.0,22351.0,5737.0,41876.0,87200.0,72.0
268.0,New Jersey Institute of Technology,9366.0,11446.0,19409.0,13782.0,51518.0,121300.0,61.0
269.0,Juniata College,1495.0,1638.0,24795.0,29639.0,58165.0,93100.0,71.0
270.0,College of the Ozarks,1508.0,1773.0,8352.0,15362.0,29539.0,71100.0,13.0
271.0,University of Arkansas,24344.0,27558.0,16069.0,6629.0,40162.0,98000.0,66.0
272.0,"California State University, Long Beach",34415.0,37622.0,9423.0,8454.0,35946.0,101700.0,28.0
273.0,"California State Polytechnic University, Pomona",24747.0,26053.0,13068.0,7957.0,37937.0,110800.0,55.0
274.0,"CUNY, Queens College",19866.0,20379.0,3318.0,9104.0,35692.0,96700.0,43.0
275.0,University of Redlands,3556.0,4898.0,29520.0,30419.0,67024.0,102400.0,75.0
276.0,Michigan Technological University,6148.0,7292.0,15481.0,11959.0,46344.0,116300.0,74.0
277.0,New College of Florida,859.0,885.0,10248.0,9341.0,43678.0,86500.0,69.0
278.0,University of Dallas,1505.0,2510.0,23663.0,25952.0,54876.0,96400.0,47.0
279.0,"University of Illinois, Chicago",19476.0,30539.0,13866.0,13415.0,43518.0,103800.0,77.0
280.0,Wabash College,848.0,864.0,21870.0,28547.0,54600.0,114400.0,63.0
281.0,Washington College,1484.0,1520.0,28943.0,26844.0,61010.0,93500.0,48.0
282.0,Saint Michael's College,2077.0,2126.0,30142.0,23373.0,57560.0,98500.0,85.0
283.0,The Catholic University of America,3323.0,6023.0,32731.0,24577.0,62482.0,105100.0,83.0
284.0,Massachusetts Maritime Academy,1780.0,1811.0,18027.0,10571.0,43085.0,117500.0,83.0
285.0,Siena College,3226.0,3288.0,27588.0,24332.0,53855.0,101500.0,78.0
286.0,Bennington College,782.0,851.0,29815.0,35753.0,70760.0,90000.0,57.0
287.0,John Carroll University,3273.0,3545.0,25017.0,25797.0,55820.0,97300.0,85.0
288.0,Saint Mary's College (IN),1637.0,1690.0,23244.0,25970.0,55200.0,89300.0,78.0
289.0,Seattle Pacific University,3359.0,3783.0,30299.0,23350.0,56485.0,103400.0,91.0
290.0,"University at Albany, SUNY",14939.0,17743.0,18093.0,9096.0,40562.0,101700.0,54.0
291.0,Messiah College,2866.0,3331.0,27200.0,18110.0,47930.0,93100.0,77.0
292.0,Hofstra University,7438.0,11131.0,32240.0,24541.0,61260.0,110400.0,64.0
293.0,Biola University,4256.0,6172.0,31492.0,18028.0,54516.0,92500.0,72.0
294.0,Duquesne University,6467.0,9190.0,28961.0,19545.0,52108.0,96100.0,72.0
295.0,San Jose State University,27394.0,35835.0,14627.0,8545.0,40046.0,114700.0,67.0
296.0,Ursinus College,1507.0,1576.0,29219.0,32962.0,66242.0,101800.0,78.0
297.0,Saint Mary's College of California,3018.0,3913.0,33570.0,29572.0,65524.0,110800.0,82.0
298.0,Regis University,5127.0,8341.0,23672.0,21367.0,51202.0,94800.0,60.0
299.0,Temple University,31739.0,39967.0,23366.0,10739.0,44190.0,95900.0,57.0
300.0,"California State University, Fullerton",38279.0,40905.0,8737.0,8436.0,39222.0,98400.0,46.0
301.0,"CUNY, Hunter College",20626.0,23005.0,3170.0,8039.0,29454.0,94500.0,40.0
302.0,Ohio Northern University,2310.0,3088.0,23100.0,20796.0,46118.0,103900.0,66.0
303.0,Maryland Institute College of Art,2041.0,2128.0,38763.0,18939.0,62850.0,84500.0,62.0
304.0,Bradley University,4669.0,5844.0,24814.0,19250.0,46680.0,104900.0,71.0
305.0,Appalachian State University,17811.0,18811.0,13691.0,8312.0,33819.0,82700.0,70.0
306.0,University of Houston,40813.0,45364.0,16392.0,9530.0,37306.0,103900.0,61.0
307.0,Transylvania University,966.0,983.0,25405.0,21960.0,50550.0,85600.0,95.0
308.0,University of Kentucky,23718.0,29465.0,18527.0,9387.0,45634.0,96400.0,96.0
309.0,California State University Maritime Academy,1090.0,1181.0,16416.0,7716.0,39962.0,129600.0,66.0
310.0,Presbyterian College,1135.0,1280.0,18504.0,31372.0,51910.0,89900.0,65.0
311.0,Texas Tech University,32154.0,36996.0,17134.0,6632.0,33425.0,106500.0,69.0
312.0,"Embry-Riddle Aeronautical University, Daytona Beach",5777.0,6338.0,33120.0,15100.0,51828.0,111200.0,75.0
313.0,University of Cincinnati,28857.0,37155.0,22828.0,7045.0,44490.0,97300.0,76.0
314.0,Hampden-Sydney College,1046.0,1054.0,31337.0,26751.0,60360.0,108600.0,55.0
315.0,Southwestern University,1396.0,1536.0,24993.0,25506.0,54330.0,93500.0,43.0
316.0,Whitworth University,2342.0,2627.0,28229.0,26020.0,57824.0,88800.0,89.0
317.0,Franciscan University of Steubenville,2230.0,2929.0,23699.0,10971.0,37790.0,86200.0,83.0
318.0,Belmont University,6636.0,8012.0,34819.0,13488.0,50740.0,80900.0,81.0
319.0,Saint Anselm College,1964.0,1995.0,31268.0,23338.0,56846.0,100300.0,76.0
320.0,Towson University,21615.0,22705.0,17893.0,8815.0,38754.0,91200.0,77.0
321.0,University of Evansville,2516.0,2537.0,20517.0,26391.0,50868.0,89900.0,70.0
322.0,Earlham College,1072.0,1128.0,19454.0,36987.0,58670.0,88400.0,52.0
323.0,College of Charleston,10863.0,11322.0,19311.0,9018.0,48057.0,85100.0,80.0
324.0,Dordt University,1533.0,1579.0,23792.0,16673.0,43800.0,89600.0,72.0
325.0,Xavier University,4893.0,6786.0,30019.0,20690.0,52380.0,94000.0,74.0
326.0,Milwaukee School of Engineering,2779.0,2823.0,21328.0,25716.0,52046.0,117600.0,63.0
327.0,Pacific Lutheran University,2942.0,3122.0,24034.0,26984.0,54800.0,98100.0,75.0
328.0,Pratt Institute,4050.0,5035.0,43969.0,20362.0,65308.0,102300.0,57.0
329.0,Kettering University,2129.0,2311.0,37247.0,18564.0,59227.0,125000.0,70.0
330.0,St. Joseph's College (NY),1085.0,1176.0,16973.0,14686.0,39050.0,86900.0,68.0
331.0,Knox College,1356.0,1376.0,22998.0,29331.0,56554.0,95400.0,72.0
332.0,Master's University,1551.0,1946.0,26292.0,18498.0,47766.0,86600.0,66.0
333.0,SUNY Maritime College,1778.0,1794.0,18413.0,7134.0,34958.0,140700.0,69.0
334.0,"University of Wisconsin, La Crosse",10480.0,10548.0,14424.0,2975.0,26055.0,88300.0,73.0
335.0,"California State University, Chico",17732.0,17875.0,14703.0,8615.0,36300.0,105100.0,68.0
336.0,"University of North Carolina, Wilmington",16060.0,16487.0,18093.0,5471.0,38678.0,80500.0,67.0
337.0,Rochester Institute of Technology,15217.0,16584.0,30187.0,21055.0,54714.0,106600.0,57.0
338.0,Wagner College,1858.0,2271.0,30106.0,26903.0,62203.0,105900.0,70.0
339.0,Hendrix College,1249.0,1354.0,20695.0,35974.0,60096.0,90300.0,80.0
340.0,Illinois State University,20115.0,20784.0,21345.0,9124.0,40036.0,95000.0,89.0
341.0,Ramapo College of New Jersey,6120.0,6466.0,21316.0,11907.0,39973.0,95200.0,57.0
342.0,Westminster College (UT),2422.0,2570.0,21109.0,20070.0,47784.0,92200.0,93.0
343.0,Mills College,869.0,1310.0,24558.0,35560.0,63767.0,91200.0,87.0
344.0,Luther College,2053.0,2214.0,25273.0,26533.0,54045.0,85900.0,65.0
345.0,Virginia Commonwealth University,26355.0,30675.0,21655.0,9187.0,51204.0,88200.0,84.0
346.0,St. Norbert College,2162.0,2165.0,24930.0,20123.0,48110.0,88700.0,79.0
347.0,University of Wyoming,10874.0,12397.0,13070.0,7422.0,31387.0,98800.0,97.0
348.0,Austin College,1228.0,1288.0,21011.0,29820.0,53784.0,93100.0,52.0
349.0,"University of Nevada, Reno",20196.0,21657.0,14505.0,5672.0,38398.0,95000.0,88.0
350.0,Simmons College,1825.0,6283.0,28308.0,26660.0,58230.0,94300.0,60.0
351.0,Allegheny College,1802.0,1957.0,22927.0,33282.0,61120.0,93500.0,68.0
352.0,Bethel University,3006.0,3797.0,27151.0,19821.0,50350.0,85700.0,83.0
353.0,Adelphi University,5768.0,7978.0,28322.0,20425.0,56358.0,96400.0,73.0
354.0,"SUNY, College at New Paltz",7565.0,7709.0,16192.0,8061.0,34080.0,85200.0,44.0
355.0,Wentworth Institute of Technology,4457.0,4543.0,36690.0,13455.0,54071.0,112700.0,92.0
356.0,Drew University,1678.0,2117.0,26218.0,35351.0,66486.0,95000.0,63.0
357.0,Gordon College,1784.0,1963.0,28240.0,17558.0,49940.0,91300.0,89.0
358.0,Oklahoma State University,23241.0,25295.0,14824.0,9874.0,38686.0,98600.0,74.0
359.0,Millsaps College,859.0,871.0,22292.0,29468.0,55322.0,88700.0,49.0
360.0,Georgia College &amp; State University,6804.0,6952.0,19686.0,7252.0,46834.0,80300.0,79.0
361.0,Rowan University,16047.0,18484.0,23692.0,9357.0,39526.0,91200.0,69.0
362.0,"CUNY, Brooklyn College",17679.0,17803.0,4211.0,9250.0,34942.0,97800.0,40.0
363.0,John Brown University,2230.0,2613.0,22583.0,15476.0,38834.0,82700.0,76.0
364.0,Florida International University,55835.0,56718.0,12503.0,6471.0,36086.0,90100.0,54.0
365.0,Salisbury University,8714.0,8721.0,18792.0,5527.0,34102.0,89800.0,65.0
366.0,Kansas State University,21022.0,22795.0,17926.0,6435.0,39696.0,97200.0,94.0
367.0,Concordia College—Moorhead,2059.0,2140.0,23393.0,23456.0,49488.0,85200.0,62.0
368.0,"University of Wisconsin, Eau Claire",10904.0,10944.0,16188.0,3449.0,27990.0,93600.0,76.0
369.0,North Dakota State University,12915.0,14358.0,15265.0,4666.0,33478.0,98600.0,92.0
370.0,Sacred Heart University,5937.0,8543.0,39973.0,15472.0,58440.0,100500.0,60.0
371.0,Hanover College,1089.0,1103.0,21898.0,26000.0,50450.0,85100.0,84.0
372.0,Florida Institute of Technology,3943.0,6402.0,31592.0,23760.0,59650.0,105400.0,63.0
373.0,Hampshire College,1268.0,1382.0,29416.0,30632.0,67114.0,92300.0,63.0
374.0,Saint John Fisher College,2976.0,3776.0,27022.0,17631.0,47770.0,86700.0,65.0
375.0,"University of Minnesota, Morris",1627.0,1912.0,11051.0,11572.0,25942.0,85300.0,64.0
376.0,Roger Williams University,5024.0,5472.0,35100.0,13685.0,52700.0,92700.0,82.0
377.0,La Salle University,3896.0,5197.0,25937.0,27431.0,45476.0,104800.0,79.0
378.0,Lebanon Valley College,1784.0,1910.0,27137.0,26230.0,57390.0,93100.0,73.0
379.0,Assumption College,2318.0,2481.0,28285.0,20777.0,54594.0,95700.0,79.0
380.0,Merrimack College,3786.0,4191.0,32442.0,20113.0,57865.0,102500.0,82.0
381.0,Grove City College,2373.0,2383.0,,6843.0,28504.0,98400.0,80.0
382.0,University of St. Thomas (TX),1979.0,3168.0,17309.0,23263.0,46506.0,92000.0,81.0
383.0,Le Moyne College,3148.0,3431.0,23130.0,22291.0,49995.0,91700.0,64.0
384.0,St. Edward's University,4300.0,4447.0,22968.0,28957.0,58700.0,89100.0,84.0
385.0,"University of Hawaii, Manoa",15299.0,17612.0,15307.0,7227.0,51550.0,91600.0,83.0
386.0,Augustana College,2591.0,2647.0,24745.0,27532.0,53422.0,88900.0,59.0
387.0,Covenant College,1017.0,1068.0,22202.0,21187.0,45920.0,79400.0,95.0
388.0,Howard University,6156.0,9392.0,23424.0,20427.0,43201.0,101300.0,41.0
389.0,Union University (TN),2853.0,3377.0,22839.0,24075.0,51790.0,83000.0,60.0
390.0,Iona College,3649.0,3792.0,26717.0,23110.0,55864.0,106200.0,92.0
391.0,Lipscomb University,3705.0,4642.0,24279.0,18955.0,47734.0,84800.0,60.0
392.0,Carroll College,1362.0,1415.0,26297.0,20475.0,48538.0,91400.0,78.0
393.0,Berry College,2110.0,2138.0,24165.0,21883.0,50632.0,84900.0,62.0
394.0,Elizabethtown College,1735.0,1766.0,28222.0,27431.0,58490.0,89700.0,74.0
395.0,College of St. Scholastica,3143.0,4276.0,23935.0,23314.0,49104.0,86800.0,68.0
396.0,Augustana University,1743.0,2080.0,18446.0,21816.0,45458.0,88400.0,68.0
397.0,Louisiana Tech University,12708.0,12839.0,10774.0,10650.0,29277.0,100700.0,65.0
398.0,George Fox University,2821.0,4076.0,28366.0,17754.0,48902.0,89600.0,82.0
399.0,University of North Dakota,13957.0,14406.0,15056.0,4640.0,33017.0,96000.0,83.0
400.0,Pace University,10063.0,12986.0,29588.0,28509.0,64982.0,107800.0,80.0
401.0,University of Mississippi,20940.0,23136.0,13929.0,9642.0,40086.0,89100.0,84.0
402.0,California Institute of the Arts,991.0,1498.0,46101.0,15401.0,68993.0,91000.0,24.0
403.0,Linfield College,1535.0,1692.0,27254.0,25864.0,56712.0,92000.0,81.0
404.0,Berklee College of Music,6762.0,6952.0,47270.0,19811.0,63574.0,84200.0,53.0
405.0,University of Northern Iowa,11334.0,11861.0,16496.0,4677.0,31872.0,85300.0,81.0
406.0,New Mexico Institute of Mining and Technology,1707.0,2009.0,13694.0,6883.0,35153.0,120400.0,22.0
407.0,St. John's University (NY),17861.0,21340.0,25747.0,25628.0,59865.0,106600.0,68.0
408.0,University of Massachusetts Lowell,16407.0,18315.0,19322.0,9817.0,46983.0,109300.0,69.0
409.0,South Dakota School of Mines and Technology,2778.0,2885.0,19759.0,4230.0,28770.0,118500.0,83.0
410.0,Goucher College,1508.0,2236.0,25306.0,29040.0,59810.0,90600.0,79.0
411.0,"CUNY, The City College of New York",15842.0,16001.0,2540.0,9669.0,36674.0,99100.0,46.0
412.0,Nebraska Wesleyan University,2064.0,3703.0,23652.0,18976.0,46544.0,80500.0,71.0
413.0,Brigham Young University-Idaho,51881.0,69458.0,7977.0,4070.0,12322.0,93500.0,95.0
414.0,Valparaiso University,3531.0,4026.0,21946.0,26441.0,52980.0,98000.0,84.0
415.0,Lake Forest College,1542.0,1640.0,24628.0,31022.0,58675.0,102600.0,53.0
416.0,Azusa Pacific University,6263.0,9926.0,27267.0,21186.0,52396.0,85700.0,60.0
417.0,"California State University, Fresno",23020.0,25325.0,5872.0,10267.0,32311.0,97300.0,59.0
418.0,West Chester University of Pennsylvania,15851.0,17306.0,22193.0,5743.0,38253.0,92200.0,69.0
419.0,Goshen College,921.0,950.0,19251.0,23958.0,46500.0,79200.0,64.0
420.0,Agnes Scott College,921.0,981.0,20356.0,29066.0,54065.0,83600.0,66.0
421.0,Maryville University of Saint Louis,3486.0,7689.0,23891.0,12346.0,46076.0,80100.0,92.0
422.0,Montclair State University,18785.0,21013.0,18500.0,9983.0,38435.0,95400.0,71.0
423.0,Oregon Institute of Technology,5486.0,7358.0,17041.0,5674.0,42093.0,106800.0,61.0
424.0,Albion College,1476.0,1568.0,17863.0,34181.0,56750.0,99300.0,71.0
425.0,University of North Florida,16309.0,16531.0,13795.0,7267.0,35614.0,86600.0,59.0
426.0,San Francisco State University,29485.0,29758.0,13787.0,8470.0,38599.0,99500.0,70.0
427.0,Montana State University,15848.0,16613.0,17754.0,5661.0,38121.0,96200.0,83.0
428.0,High Point University,4608.0,4951.0,38741.0,10331.0,51105.0,84300.0,81.0
429.0,Whittier College,1660.0,1987.0,25322.0,28841.0,61409.0,95600.0,74.0
430.0,Eckerd College,2037.0,2200.0,32718.0,23182.0,59200.0,88400.0,73.0
431.0,University of Louisville,18009.0,21402.0,16721.0,9589.0,41472.0,87600.0,75.0
432.0,Mississippi State University,19554.0,21883.0,16192.0,10003.0,38410.0,94100.0,62.0
433.0,University of Tampa,8101.0,8895.0,29735.0,12304.0,43708.0,91500.0,53.0
434.0,"California State University, Stanislaus",9299.0,10327.0,6295.0,8875.0,32434.0,94200.0,77.0
435.0,University of Idaho,11344.0,12072.0,14354.0,6993.0,37624.0,97700.0,73.0
436.0,Cornell College (IA),1006.0,1009.0,24355.0,26957.0,55954.0,90600.0,65.0
437.0,Washington &amp; Jefferson College,1412.0,1424.0,27925.0,29017.0,60134.0,92100.0,48.0
438.0,Ohio University,26467.0,29369.0,20853.0,6291.0,36706.0,93300.0,74.0
439.0,Stetson University,3213.0,4252.0,26883.0,30974.0,61374.0,86000.0,68.0
440.0,Moravian College,2195.0,2446.0,26838.0,25900.0,57868.0,95300.0,76.0
441.0,Abilene Christian University,3806.0,5145.0,26037.0,18599.0,48300.0,90900.0,58.0
442.0,"University of Minnesota, Duluth",10490.0,11168.0,17131.0,7100.0,29542.0,95700.0,77.0
443.0,Stockton University,9105.0,9216.0,20364.0,12270.0,37234.0,85800.0,82.0
444.0,University of Rhode Island,16255.0,18089.0,19431.0,10834.0,45735.0,99700.0,70.0
445.0,Utah State University,27679.0,29784.0,13279.0,8145.0,33264.0,93900.0,89.0
446.0,Saint Mary's University of Minnesota,1883.0,5754.0,20210.0,21359.0,45300.0,93700.0,64.0
447.0,McDaniel College,1646.0,2819.0,20333.0,30807.0,55830.0,94600.0,85.0
448.0,North Central College,2883.0,2965.0,23265.0,23128.0,51228.0,92900.0,54.0
449.0,Bellarmine University,2903.0,3757.0,24433.0,28601.0,59306.0,90700.0,89.0
450.0,"SUNY, College at Oneonta",6150.0,6358.0,17513.0,7634.0,33812.0,88000.0,60.0
451.0,"SUNY, Farmingdale State College",9574.0,12307.0,9443.0,7438.0,33818.0,93800.0,59.0
452.0,University of New England,8281.0,8798.0,33183.0,19228.0,54260.0,91500.0,81.0
453.0,Susquehanna University,2351.0,2370.0,25492.0,30386.0,59780.0,94700.0,70.0
454.0,West Virginia University,24183.0,28406.0,11825.0,8964.0,37712.0,99900.0,72.0
455.0,University of La Verne,6653.0,8159.0,25429.0,24969.0,59826.0,90500.0,48.0
456.0,"University of Alabama, Birmingham",13308.0,20902.0,17535.0,9254.0,36800.0,87200.0,92.0
457.0,Sonoma State University,9244.0,9481.0,17296.0,7277.0,37914.0,97100.0,82.0
458.0,Canisius College,2861.0,3464.0,20913.0,26244.0,52172.0,90000.0,78.0
459.0,Houghton College,1043.0,1231.0,19325.0,22690.0,44408.0,77900.0,91.0
460.0,Hamline University,2346.0,3734.0,21103.0,26309.0,52178.0,90400.0,69.0
461.0,Ouachita Baptist University,1545.0,1648.0,18509.0,17776.0,37600.0,80200.0,71.0
462.0,Ohio Wesleyan University,1560.0,1712.0,25194.0,31028.0,60350.0,99200.0,71.0
463.0,Birmingham-Southern College,1283.0,1325.0,22853.0,26594.0,52414.0,88300.0,62.0
464.0,Berea College,1670.0,1710.0,1298.0,33422.0,35394.0,71600.0,35.0
465.0,Roanoke College,2035.0,2087.0,27435.0,26726.0,59327.0,85100.0,67.0
466.0,"University of Colorado, Denver",19806.0,24839.0,14941.0,6251.0,44114.0,95600.0,65.0
467.0,Saint Vincent College,1720.0,1865.0,20909.0,25507.0,48879.0,88300.0,62.0
468.0,Spelman College,2137.0,2166.0,36740.0,13647.0,51642.0,85400.0,40.0
469.0,"California State University, Sacramento",30445.0,31255.0,9733.0,8984.0,37622.0,101100.0,68.0
470.0,Wittenberg University,1884.0,2053.0,24263.0,26135.0,52056.0,105400.0,72.0
471.0,South Dakota State University,12516.0,13103.0,23362.0,4201.0,26052.0,91900.0,91.0
472.0,Coe College,1394.0,1476.0,20767.0,31543.0,55240.0,86900.0,56.0
473.0,East Carolina University,25207.0,29131.0,15415.0,8225.0,38277.0,85400.0,79.0
474.0,"California State University, Northridge",37184.0,41319.0,5703.0,9782.0,34007.0,97300.0,58.0
475.0,University of Alabama in Huntsville,7519.0,9101.0,19986.0,9587.0,36881.0,103900.0,81.0
476.0,Mercer University,5057.0,8653.0,21044.0,28528.0,51293.0,85100.0,73.0
477.0,Oklahoma City University,1983.0,2845.0,26838.0,18588.0,45408.0,87900.0,72.0
478.0,Rider University,4371.0,5073.0,29086.0,25766.0,59700.0,99000.0,67.0
479.0,Loyola University New Orleans,2766.0,3759.0,22766.0,27972.0,55402.0,88600.0,69.0
480.0,Nova Southeastern University,4840.0,20793.0,26606.0,19075.0,49149.0,89800.0,58.0
481.0,Grand Valley State University,24282.0,25049.0,16975.0,6374.0,29314.0,82100.0,81.0
482.0,Florida Atlantic University,30208.0,31454.0,10466.0,8635.0,35804.0,91200.0,60.0
483.0,Northwestern College (IA),1131.0,1243.0,23064.0,19343.0,43650.0,82400.0,68.0
484.0,Pacific University (OR),1995.0,3893.0,29902.0,26103.0,57488.0,94000.0,84.0
485.0,"University of North Carolina, Charlotte",26758.0,29317.0,16286.0,7385.0,37081.0,92600.0,66.0
486.0,Tennessee Technological University,10215.0,10504.0,14813.0,9050.0,42377.0,95100.0,64.0
487.0,Ball State University,19231.0,22513.0,15187.0,10658.0,40448.0,83700.0,62.0
488.0,Elmhurst College,3122.0,3481.0,22443.0,21852.0,50000.0,88500.0,71.0
489.0,Touro College,8622.0,11908.0,23539.0,6815.0,35111.0,103100.0,74.0
490.0,"CUNY, John Jay College of Criminal Justice",14834.0,15583.0,3843.0,9007.0,41261.0,84800.0,39.0
491.0,"CUNY, Lehman College",14130.0,15231.0,1886.0,10685.0,34532.0,83500.0,35.0
492.0,"California State University, East Bay",14691.0,16538.0,11566.0,9402.0,36990.0,103500.0,74.0
493.0,University of South Dakota,9416.0,10261.0,17344.0,5145.0,25521.0,87900.0,87.0
494.0,"University of North Carolina, Asheville",3852.0,4429.0,12763.0,8060.0,36638.0,76100.0,80.0
495.0,Ashland University,6471.0,6781.0,20221.0,12432.0,33954.0,80000.0,74.0
496.0,Simpson College (IA),1479.0,1695.0,22005.0,25683.0,50180.0,88600.0,84.0
497.0,"University of Missouri, Saint Louis",16715.0,17095.0,9930.0,12471.0,40607.0,87500.0,76.0
498.0,Florida Southern College,2759.0,3055.0,24679.0,21189.0,49900.0,82500.0,51.0
499.0,"California State University, Los Angeles",24862.0,28531.0,3792.0,9553.0,36726.0,93800.0,46.0
500.0,"California State University, San Bernardino",19244.0,20692.0,8519.0,9287.0,36127.0,87500.0,57.0
501.0,"University of Texas, Arlington",42966.0,46497.0,13200.0,8484.0,39860.0,99500.0,71.0
502.0,"University of Northwestern, St. Paul",3521.0,3702.0,23249.0,17134.0,43404.0,,93.0
503.0,Lawrence Technological University,2268.0,3069.0,27331.0,17291.0,47482.0,108400.0,60.0
504.0,Mississippi College,3513.0,5036.0,16693.0,13649.0,32385.0,79500.0,39.0
505.0,University of North Georgia,18782.0,20811.0,9854.0,5483.0,28094.0,85600.0,78.0
506.0,Webster University,3732.0,12736.0,22937.0,17927.0,44962.0,83500.0,54.0
507.0,University of North Texas,35099.0,38276.0,13832.0,10638.0,33908.0,90100.0,72.0
508.0,Texas State University,37449.0,38666.0,15545.0,8129.0,34245.0,90600.0,73.0
509.0,University of Maine,10304.0,11240.0,17074.0,8544.0,43618.0,95000.0,92.0
510.0,Central College,1237.0,1433.0,22558.0,26389.0,50547.0,88800.0,70.0
511.0,Christian Brothers University,1919.0,2157.0,9468.0,23780.0,44430.0,96500.0,53.0
512.0,Manhattanville College,1802.0,2690.0,21923.0,26213.0,54780.0,97500.0,82.0
513.0,Georgia State University,29773.0,32816.0,15506.0,10090.0,40873.0,90800.0,70.0
514.0,William Jewell College,933.0,1082.0,21134.0,25621.0,47928.0,94500.0,48.0
515.0,Northern Arizona University,29609.0,31051.0,14789.0,10044.0,40705.0,90000.0,81.0
516.0,Westminster College (PA),1263.0,1289.0,21618.0,25476.0,49546.0,87700.0,72.0
517.0,Missouri State University,22856.0,23697.0,15855.0,5480.0,28502.0,86800.0,84.0
518.0,"University of Nebraska, Omaha",14610.0,15731.0,13173.0,6485.0,34522.0,89500.0,87.0
519.0,Florida Gulf Coast University,14965.0,15317.0,15376.0,4726.0,39434.0,80000.0,64.0
520.0,Meredith College,1789.0,1980.0,24545.0,21258.0,49324.0,77100.0,69.0
521.0,College of Idaho,954.0,999.0,21433.0,18125.0,41347.0,82100.0,76.0
522.0,Carroll University,3048.0,3452.0,22736.0,18551.0,44150.0,86500.0,71.0
523.0,Old Dominion University,22386.0,24375.0,15368.0,7270.0,43444.0,89900.0,86.0
524.0,Mount Saint Mary's University (CA),3100.0,3226.0,28274.0,23270.0,59392.0,97500.0,81.0
525.0,Andrews University,2250.0,3300.0,21460.0,16809.0,39714.0,85000.0,58.0
526.0,Lynn University,2245.0,3010.0,35077.0,14306.0,55923.0,85000.0,85.0
527.0,Baldwin Wallace University,3577.0,3791.0,23729.0,19781.0,46004.0,82800.0,78.0
528.0,Otterbein University,2608.0,2936.0,24287.0,20110.0,46390.0,85600.0,76.0
529.0,University of Massachusetts Boston,15848.0,16415.0,12412.0,11342.0,46941.0,95400.0,75.0
530.0,Queens University of Charlotte,1906.0,2507.0,23348.0,22152.0,48776.0,86600.0,79.0
531.0,"Minnesota State University, Mankato",14712.0,15273.0,15615.0,5108.0,28278.0,90900.0,61.0
532.0,Portland State University,26693.0,27483.0,13578.0,6772.0,43989.0,90500.0,92.0
533.0,Westminster College (MO),767.0,972.0,20402.0,18133.0,40510.0,,90.0
534.0,University of Northern Colorado,11278.0,13399.0,20367.0,7708.0,35653.0,87100.0,89.0
535.0,Ripon College,756.0,813.0,18592.0,28951.0,52341.0,89600.0,68.0
536.0,Marietta College,1145.0,1220.0,24022.0,22617.0,50104.0,94300.0,67.0
537.0,Sam Houston State University,19784.0,20938.0,13560.0,8976.0,31784.0,89900.0,74.0
538.0,St. Mary's University (TX),2432.0,3649.0,17522.0,22029.0,44490.0,95300.0,80.0
539.0,Illinois College,959.0,987.0,16501.0,24557.0,42830.0,81700.0,55.0
540.0,Central Washington University,12901.0,15944.0,14382.0,7096.0,36708.0,93200.0,86.0
541.0,Doane University,1069.0,1072.0,24449.0,20109.0,46710.0,85300.0,65.0
542.0,University of Hartford,6259.0,6561.0,30440.0,21526.0,54662.0,101600.0,81.0
543.0,Hood College,1214.0,2112.0,23416.0,26864.0,54840.0,82600.0,81.0
544.0,University of Colorado Colorado Springs,12932.0,14122.0,15872.0,5682.0,36298.0,90900.0,93.0
545.0,St. Catherine University,3747.0,4724.0,19935.0,26729.0,50716.0,82600.0,70.0
546.0,Fairleigh Dickinson University,6168.0,7846.0,16136.0,31560.0,56618.0,93000.0,88.0
547.0,Millersville University,7720.0,7915.0,22032.0,5668.0,38569.0,84700.0,79.0
548.0,"University of Nevada, Las Vegas",27561.0,30471.0,10555.0,4998.0,37639.0,90400.0,81.0
549.0,Wisconsin Lutheran College,1114.0,1198.0,20073.0,18027.0,41996.0,82500.0,90.0
550.0,Randolph College,684.0,691.0,25614.0,26264.0,54225.0,,86.0
551.0,"CUNY, College of Staten Island",13594.0,15245.0,5687.0,7929.0,39124.0,94600.0,
552.0,Vanguard University,2116.0,2394.0,21374.0,22396.0,46770.0,85600.0,47.0
553.0,Immaculata University,1906.0,2481.0,31971.0,21301.0,45960.0,88100.0,83.0
554.0,Lycoming College,1217.0,1404.0,19019.0,31000.0,53870.0,91000.0,64.0
555.0,"University of Louisiana, Lafayette",17297.0,17556.0,12768.0,7899.0,38503.0,92500.0,51.0
556.0,Huntington University,1146.0,1321.0,21892.0,17623.0,37296.0,,81.0
557.0,Hollins University,674.0,790.0,19456.0,32492.0,54205.0,78000.0,48.0
558.0,Benedictine University,3731.0,5100.0,23827.0,18272.0,48016.0,89400.0,62.0
559.0,"University of North Carolina, Greensboro",18091.0,19922.0,12226.0,9017.0,35818.0,76600.0,78.0
560.0,King's College (PA),2244.0,2469.0,25898.0,21560.0,52030.0,86500.0,71.0
561.0,Hastings College,1202.0,1227.0,21703.0,19652.0,43527.0,87100.0,68.0
562.0,Georgia Southern University,20314.0,20418.0,16548.0,6648.0,33646.0,88000.0,68.0
563.0,Southern Illinois University Edwardsville,13294.0,13796.0,15574.0,6756.0,37774.0,90100.0,90.0
564.0,Western Michigan University,19990.0,22869.0,16934.0,7894.0,27895.0,92200.0,82.0
565.0,Asbury University,1772.0,1990.0,28095.0,15833.0,40575.0,70800.0,70.0
566.0,Oakland University,19321.0,19333.0,12779.0,9476.0,36581.0,93300.0,84.0
567.0,University of New Mexico,23124.0,26221.0,14315.0,6847.0,36736.0,94000.0,67.0
568.0,Bloomsburg University of Pennsylvania,9260.0,9729.0,19725.0,5720.0,35750.0,92200.0,73.0
569.0,Boise State University,23634.0,24121.0,13796.0,8258.0,37248.0,86400.0,84.0
570.0,College of the Atlantic,354.0,390.0,20234.0,37756.0,54969.0,,68.0
571.0,"University of Texas, Rio Grande Valley",27807.0,27809.0,3901.0,9398.0,29995.0,81200.0,80.0
572.0,Maryville College,1181.0,1247.0,18146.0,27778.0,49266.0,75300.0,49.0
573.0,Oral Roberts University,3781.0,3919.0,19035.0,19393.0,41054.0,85100.0,93.0
574.0,"University of Alaska, Fairbanks",7664.0,11866.0,9988.0,7457.0,32563.0,101800.0,77.0
575.0,Randolph-Macon College,1453.0,1491.0,25621.0,25338.0,54180.0,,62.0
576.0,Montana Tech of the University of Montana,1909.0,2155.0,12993.0,6405.0,35755.0,112600.0,92.0
577.0,"St. John's College, Santa Fe",354.0,386.0,20605.0,31845.0,65456.0,,63.0
578.0,"Indiana University-Purdue University, Indianapolis",25516.0,29791.0,12021.0,11347.0,43022.0,88200.0,80.0
579.0,Hartwick College,1201.0,1435.0,26136.0,29494.0,57627.0,99200.0,89.0
580.0,Alfred University,2017.0,2354.0,22286.0,20676.0,43686.0,92000.0,63.0
581.0,Oklahoma Baptist University,2056.0,2093.0,16267.0,18708.0,39840.0,76600.0,65.0
582.0,Alma College,1426.0,1484.0,21836.0,28481.0,52475.0,89900.0,64.0
583.0,Saint Cloud State University,14975.0,15955.0,14633.0,5216.0,28920.0,91600.0,86.0
584.0,Capital University,3120.0,3384.0,20866.0,25272.0,48674.0,85100.0,69.0
585.0,Liberty University,60084.0,75044.0,27573.0,10400.0,38364.0,73600.0,30.0
586.0,Russell Sage College,1560.0,2525.0,19696.0,21706.0,45397.0,81100.0,56.0
587.0,Converse College,906.0,1478.0,21556.0,12497.0,34190.0,71000.0,71.0
588.0,Oglethorpe University,1250.0,1589.0,22018.0,27532.0,53490.0,91400.0,58.0
589.0,Central Michigan University,20786.0,23257.0,15531.0,8624.0,35236.0,83600.0,68.0
590.0,"University of Wisconsin, Milwaukee",24337.0,24988.0,16650.0,5647.0,35510.0,90300.0,72.0
591.0,Bowling Green State University,16592.0,17357.0,19128.0,6542.0,32105.0,87500.0,73.0
592.0,Texas Woman's University,12020.0,15473.0,9493.0,8426.0,29683.0,83400.0,86.0
593.0,University of Mount Union,2195.0,2257.0,22786.0,17954.0,42725.0,88500.0,81.0
594.0,Clarke University,845.0,1039.0,24334.0,17474.0,45900.0,80200.0,63.0
595.0,Carthage College,2860.0,2940.0,26532.0,26379.0,57250.0,85400.0,68.0
596.0,Centenary College of Louisiana,501.0,588.0,24704.0,26633.0,53000.0,88400.0,62.0
597.0,Wichita State University,12704.0,15075.0,14113.0,5793.0,32716.0,87300.0,94.0
598.0,Aurora University,4248.0,5833.0,17220.0,15909.0,37028.0,83400.0,87.0
599.0,Georgetown College (KY),1051.0,1767.0,20769.0,29107.0,50086.0,81900.0,67.0
600.0,Western Kentucky University,20257.0,21431.0,11850.0,7295.0,36806.0,83100.0,95.0
601.0,Wayne State University,20314.0,27064.0,12970.0,9682.0,40763.0,91700.0,67.0
602.0,Western Colorado University,2814.0,3343.0,17229.0,6195.0,35144.0,81500.0,86.0
603.0,Rhode Island College,8171.0,8318.0,10366.0,6877.0,35465.0,83500.0,74.0
604.0,Weber State University,27949.0,32248.0,12061.0,4579.0,29912.0,94000.0,
605.0,Salem College,968.0,984.0,17669.0,25354.0,46080.0,73700.0,57.0
606.0,"University of Texas, El Paso",24386.0,25078.0,8135.0,9183.0,36955.0,92100.0,100.0
607.0,Spring Hill College,1442.0,1485.0,21108.0,29825.0,55168.0,,46.0
608.0,Sweet Briar College,323.0,406.0,21291.0,30802.0,54155.0,79700.0,93.0
609.0,University of Toledo,18077.0,20579.0,13832.0,8050.0,34375.0,92500.0,94.0
610.0,University of Montana,11671.0,11865.0,15006.0,5404.0,38356.0,87800.0,93.0
611.0,Southeastern Louisiana University,14285.0,16512.0,12739.0,7250.0,34155.0,83900.0,88.0
612.0,University of South Alabama,12848.0,15569.0,14237.0,6927.0,28210.0,86400.0,82.0
613.0,Murray State University,9916.0,10012.0,11497.0,8426.0,37870.0,79900.0,87.0
614.0,Anderson University (IN),1877.0,1961.0,23799.0,17790.0,43450.0,78600.0,65.0
615.0,University of West Florida,12449.0,13040.0,10729.0,5222.0,31895.0,81700.0,50.0
616.0,University of New Orleans,7964.0,8082.0,11135.0,8151.0,28568.0,91600.0,57.0
617.0,Indiana University of Pennsylvania,12003.0,12431.0,20940.0,6772.0,32461.0,85900.0,91.0
618.0,North Greenville University,2356.0,2565.0,26450.0,15812.0,36000.0,,61.0
619.0,University of Texas at San Antonio,27880.0,30768.0,12745.0,8177.0,34484.0,87500.0,79.0
620.0,Millikin University,2040.0,2132.0,20435.0,23312.0,47664.0,83400.0,65.0
621.0,Northern Illinois University,15429.0,18045.0,19786.0,9482.0,38314.0,95500.0,53.0
622.0,Cleveland State University,14594.0,16371.0,16582.0,7096.0,30825.0,88600.0,90.0
623.0,Humboldt State University,8525.0,8602.0,14490.0,9038.0,36601.0,89000.0,82.0
624.0,Monmouth College,1033.0,1205.0,17190.0,27809.0,47970.0,88100.0,67.0
625.0,St. Francis College,2362.0,2745.0,9560.0,15533.0,44488.0,93200.0,63.0
626.0,Elmira College,1012.0,1135.0,26255.0,26883.0,55050.0,82200.0,85.0
627.0,University of Southern Mississippi,13606.0,14478.0,13178.0,9292.0,24883.0,83900.0,98.0
628.0,Lyon College,672.0,705.0,18605.0,18534.0,39120.0,,64.0
629.0,Southern Illinois University Carbondale,13518.0,14554.0,17175.0,10924.0,42770.0,90900.0,76.0
630.0,Kent State University Kent Campus,27376.0,28972.0,18432.0,7306.0,34046.0,83100.0,88.0
631.0,Middle Tennessee State University,21913.0,23050.0,12416.0,8607.0,40458.0,81100.0,59.0
632.0,Warren Wilson College,661.0,695.0,25117.0,19414.0,49744.0,74600.0,79.0
633.0,Northern Kentucky University,14141.0,14456.0,9131.0,8295.0,32136.0,87400.0,90.0
634.0,Western Illinois University,9441.0,9656.0,15844.0,9239.0,25835.0,85900.0,60.0
635.0,"University of Alaska, Anchorage",15733.0,23824.0,13378.0,6207.0,39902.0,101000.0,83.0
636.0,Fort Lewis College,3332.0,3925.0,17705.0,10850.0,36843.0,82600.0,83.0
637.0,Marlboro College,185.0,390.0,17636.0,33054.0,55625.0,,97.0
638.0,Wright State University,14332.0,15957.0,16249.0,6546.0,32506.0,87800.0,97.0
639.0,Hiram College,1200.0,1221.0,21474.0,23318.0,47757.0,84100.0,64.0
640.0,University of Memphis,19875.0,21521.0,13921.0,8960.0,36372.0,85800.0,85.0
641.0,Eastern Kentucky University,16155.0,16612.0,11892.0,8234.0,31978.0,80700.0,87.0
642.0,Fisk University,701.0,738.0,28362.0,9396.0,37070.0,83600.0,45.0
643.0,Guilford College,1680.0,2050.0,23560.0,22964.0,50813.0,75600.0,91.0
644.0,Carson-Newman University,1934.0,2514.0,18003.0,20126.0,40640.0,76500.0,67.0
645.0,Morehouse College,2202.0,2219.0,34928.0,17318.0,48723.0,98700.0,74.0
646.0,New Mexico State University,13379.0,14432.0,8625.0,9582.0,34720.0,96700.0,64.0
647.0,Indiana State University,13626.0,13763.0,13012.0,9297.0,32938.0,85600.0,85.0
648.0,Emory &amp; Henry College,1094.0,1226.0,19340.0,27155.0,48100.0,70700.0,72.0
649.0,Wells College,488.0,516.0,22828.0,30207.0,55180.0,,80.0
650.0,Catawba College,1336.0,1463.0,19807.0,23662.0,44921.0,78100.0,42.0
